species,Alleles at the tailspot locus.,Allometric growth of sword.,arching_display,Black or darkly pigmented gonopodium,Bodybicolored,Carbomac- ulatus,Caudal blotch,circling,close transverse presenting behavior,dancing_display,Dark subdermal dashes of pigment.,Distal dorsal sword pigment.,Distal serrae on ray 4p of the gonopodium.,Dorsal fin with dark marginal pigment and a sub- basal row of dark spots on the interradial membrane,Drosopterin,Dusky band continuous with dorsal pigment of sword.,Elongateventralcaudale_nrays.,ex-linked macromelanophore locus.,figure_eight,gonopodial thrusting,Granular tissue on the dorsal part of the hook on ray 3 of the gonopodium,Grave spot.,Green pteridine sword pigmentation,Growthrate,Headbump,INV-XmrkEcoR1restrictionfragmentlengthpoly- morphism,Malepelvicene,Middorsal spots.,Multiplelateralstripes,nipping,open_display,Proximal dorsal pigmentation of the sword.,RADP_1,RADP_10,RADP_11,RADP_12,RADP_13,RADP_14,RADP_15,RADP_16,RADP_17,RADP_18,RADP_19,RADP_2,RADP_20,RADP_21,RADP_22,RADP_23,RADP_24,RADP_25,RADP_26,RADP_27,RADP_28,RADP_3,RADP_4,RADP_5,RADP_6,RADP_7,RADP_8,RADP_9,Sex-determining mechanism,Sex-linked red and yellow patterns,side_change_over_head,Size of segments of the distal ramus of ray 4a of the gonopodium,slow_approach,sneaking,solid yellow body coloration,Solidmidlateralstripeatbirth,Spotted caudal,stiff_frontal_presenting,Subdistal spines on ray 3 of the gonopodium,sword,Sword consisting exclusively of unbranched rays,Teeth compressed spatulate,Two or more rows of red lateral marks,Twoormoreobliquelinesbehindpectoralbase,ubdistal serrae on ray 4p of the gonopodium,Upturned sword,Ventralmarginofcaudale_nandsworddenselyedged by melanophores,Vertical bars,Well-developed precopulatory behavior,Well-formedhookonray5aofthegonopodium,Width of the base of the dorsal e_n,Yellow and orange carotenoid sword pigmentation,yellow caudal fin,yellow dorsal and ventral edges of the caudal e_n
A. hubberi,NA,NA,NA,NA,NA,NA,0,NA,NA,NA,NA,NA,0,NA,NA,NA,NA,NA,NA,NA,0,0,NA,NA,NA,NA,0,NA,NA,NA,NA,NA,NA,NA,NA,NA,NA,NA,NA,NA,NA,NA,NA,NA,NA,NA,NA,NA,NA,NA,NA,NA,NA,NA,NA,NA,NA,NA,NA,NA,NA,NA,NA,0,NA,NA,NA,NA,NA,NA,1,0,NA,0,NA,NA,0,NA,NA,NA,NA,0,NA,NA,NA,NA
P. butleri,NA,NA,NA,NA,NA,NA,0,NA,NA,NA,NA,NA,0,NA,NA,NA,NA,NA,NA,NA,0,0,NA,NA,NA,NA,1,NA,NA,NA,NA,NA,NA,NA,NA,NA,NA,NA,NA,NA,NA,NA,NA,NA,NA,NA,NA,NA,NA,NA,NA,NA,NA,NA,NA,NA,NA,NA,NA,NA,2,NA,NA,0,NA,NA,NA,NA,NA,NA,0,NA,NA,1,NA,NA,1,NA,NA,NA,NA,0,NA,NA,NA,NA
P. coompressa,NA,NA,NA,NA,NA,NA,0,NA,NA,NA,NA,NA,0,NA,NA,NA,NA,NA,NA,NA,1,0,NA,NA,NA,NA,1,NA,NA,NA,NA,NA,NA,NA,NA,NA,NA,NA,NA,NA,NA,NA,NA,NA,NA,NA,NA,NA,NA,NA,NA,NA,NA,NA,NA,NA,NA,NA,NA,NA,NA,NA,NA,0,NA,NA,NA,NA,NA,NA,0,0,NA,1,NA,NA,1,NA,NA,NA,NA,0,NA,NA,NA,NA
P. intermedia,NA,NA,NA,NA,NA,NA,0,NA,NA,NA,NA,NA,0,NA,NA,NA,NA,NA,NA,NA,1,0,NA,NA,NA,NA,1,NA,NA,NA,NA,NA,NA,NA,NA,NA,NA,NA,NA,NA,NA,NA,NA,NA,NA,NA,NA,NA,NA,NA,NA,NA,NA,NA,NA,NA,NA,NA,NA,NA,NA,NA,NA,0,NA,NA,NA,NA,NA,NA,0,0,NA,1,NA,NA,1,NA,NA,NA,NA,0,NA,NA,NA,NA
P. olmaceae,NA,NA,NA,NA,NA,NA,0,NA,NA,NA,NA,NA,0,NA,NA,NA,NA,NA,NA,NA,1,0,NA,NA,NA,NA,1,NA,NA,NA,NA,NA,NA,NA,NA,NA,NA,NA,NA,NA,NA,NA,NA,NA,NA,NA,NA,NA,NA,NA,NA,NA,NA,NA,NA,NA,NA,NA,NA,NA,NA,NA,NA,0,NA,NA,NA,NA,NA,NA,0,0,NA,1,NA,NA,1,NA,NA,NA,NA,0,NA,NA,NA,NA
P. reticulata,NA,NA,NA,NA,NA,NA,0,NA,NA,NA,NA,NA,0,NA,NA,NA,NA,NA,NA,NA,0,0,NA,NA,NA,NA,1,NA,NA,NA,NA,0,NA,NA,NA,NA,NA,NA,NA,NA,NA,NA,NA,NA,NA,NA,NA,NA,NA,NA,NA,NA,NA,NA,NA,NA,NA,NA,NA,NA,NA,NA,NA,0,NA,NA,NA,NA,NA,NA,0,NA,NA,1,NA,NA,1,NA,NA,NA,NA,0,NA,NA,NA,NA
X. alvarezi,0,0,1,0,0,0,0,0,1,0,0,0,2,0,1,1,1,0,0,1,2,2,1,0,0,NA,1,0,0,1,0,1,NA,NA,NA,NA,NA,NA,NA,NA,NA,NA,NA,NA,NA,NA,NA,NA,NA,NA,NA,NA,NA,NA,NA,NA,NA,NA,NA,NA,2,0,0,1,1,1,NA,0,0,0,2,2,0,1,1,0,1,0,1,0,1,2,NA,1,NA,NA
X. andersi,NA,0,0,NA,0,0,0,0,1,0,0,0,2,NA,NA,0,1,NA,0,1,4,0,0,0,0,0,1,0,0,1,0,0,NA,NA,NA,NA,NA,NA,NA,NA,NA,NA,NA,NA,NA,NA,NA,NA,NA,NA,NA,NA,NA,NA,NA,NA,NA,NA,NA,NA,0,NA,0,0,1,1,NA,0,0,1,2,2,0,1,0,NA,1,0,0,NA,1,0,NA,0,NA,NA
X. birchmanni,NA,NA,0,0,0,1,0,1,1,0,0,NA,2,NA,1,NA,1,0,1,1,4,1,NA,0,1,0,1,1,0,1,1,0,1,1,1,0,P,0,1,0,0,1,0,1,1,1,0,1,1,0,0,1,1,9,1,1,0,1,0,1,NA,0,0,0,1,1,0,0,1,0,2,1,NA,1,0,0,1,NA,1,2,NA,1,NA,NA,1,1
X. clemenciae,0,0,1,0,0,0,0,0,1,0,0,1,2,0,1,1,1,0,0,1,4,1,NA,0,0,0,1,0,0,1,0,1,1,0,1,P,1,P,1,0,P,P,0,0,0,0,1,1,1,1,0,1,0,1,1,0,0,0,0,0,NA,0,0,0,1,1,0,0,0,0,2,2,0,1,1,0,1,1,1,0,1,1,NA,1,0,0
X. continens,NA,NA,NA,0,0,0,0,NA,NA,NA,0,NA,2,NA,1,NA,1,0,NA,NA,4,1,NA,0,0,NA,1,0,1,NA,NA,0,NA,1,1,0,1,1,1,1,1,0,1,1,0,1,1,1,NA,1,0,1,1,0,0,1,NA,NA,0,1,NA,0,NA,0,NA,NA,0,0,0,NA,2,1,NA,1,0,0,1,NA,0,0,NA,1,NA,NA,0,0
X. cortezi,0,0,0,0,0,1,1,1,1,0,0,1,2,0,1,0,1,0,0,1,4,1,NA,0,0,0,1,0,0,1,1,1,1,1,1,0,0,1,1,0,0,1,P,1,P,P,0,0,1,1,0,1,P,1,0,0,1,1,0,1,0,0,0,0,1,1,0,0,1,0,2,2,1,1,0,0,1,1,1,1,1,1,NA,1,1,1
X. couchianus,0,NA,0,1,1,0,0,0,1,0,1,NA,4,0,1,NA,0,0,0,1,4,0,NA,0,0,1,1,0,0,1,0,NA,NA,NA,NA,NA,NA,NA,NA,NA,NA,NA,NA,NA,NA,NA,NA,NA,NA,NA,NA,NA,NA,NA,NA,NA,NA,NA,NA,NA,0,0,1,0,1,1,NA,0,0,0,3,0,NA,1,0,0,1,NA,0,1,1,0,NA,NA,NA,NA
X. evelynae,0,NA,0,0,0,0,0,0,1,0,0,NA,2,0,1,NA,1,1,0,1,4,0,NA,NA,0,0,1,0,2,1,0,NA,NA,NA,NA,NA,NA,NA,NA,NA,NA,NA,NA,NA,NA,NA,NA,NA,NA,NA,NA,NA,NA,NA,NA,NA,NA,NA,NA,NA,NA,1,1,0,1,1,NA,0,0,0,2,0,NA,1,0,1,1,NA,0,1,0,0,1,NA,NA,NA
X. gordoni,0,NA,0,1,2,0,0,0,1,0,1,NA,3,0,1,NA,0,0,0,1,4,0,NA,NA,0,1,1,0,0,1,0,NA,NA,NA,NA,NA,NA,NA,NA,NA,NA,NA,NA,NA,NA,NA,NA,NA,NA,NA,NA,NA,NA,NA,NA,NA,NA,NA,NA,NA,NA,0,1,0,1,1,NA,0,0,0,3,0,NA,1,0,0,1,NA,1,1,0,0,NA,NA,NA,NA
X. helleri,0,0,1,0,0,0,0,1,1,1,0,0,2,0,1,1,1,0,0,1,3,2,1,0,0,0,1,0,0,1,0,1,0,0,0,1,1,0,0,0,1,1,0,1,1,0,0,1,1,1,0,0,0,1,1,0,0,0,1,0,2,0,0,2,1,1,NA,0,0,0,2,2,0,1,1,0,1,0,1,1,1,2,7,1,NA,NA
X. maculatus,2,NA,0,1,0,0,0,0,0,0,0,NA,2,0,1,NA,1,1,0,1,4,0,NA,0,0,0,1,0,0,1,0,NA,0,0,1,1,0,0,0,0,0,0,0,1,0,1,1,0,1,0,1,0,1,0,1,1,0,1,1,1,1,1,0,0,1,1,NA,0,0,0,2,0,NA,1,0,0,1,NA,0,1,0,0,2,NA,NA,NA
X. malinche,NA,0,NA,0,0,NA,1,NA,NA,NA,0,1,2,NA,1,0,1,0,NA,NA,4,1,NA,0,1,NA,1,1,0,NA,NA,1,1,P,1,0,0,0,1,0,0,1,0,1,1,1,0,1,1,0,0,1,1,P,1,1,0,P,0,1,NA,0,NA,0,NA,NA,0,0,NA,NA,2,2,1,1,0,0,1,1,1,2,NA,1,NA,1,NA,NA
X. meyeri,NA,NA,0,1,1,0,0,0,1,0,2,NA,3,NA,NA,NA,0,NA,0,1,4,0,NA,NA,0,1,1,0,0,1,0,NA,NA,NA,NA,NA,NA,NA,NA,NA,NA,NA,NA,NA,NA,NA,NA,NA,NA,NA,NA,NA,NA,NA,NA,NA,NA,NA,NA,NA,NA,0,1,0,1,1,NA,0,0,0,3,0,NA,1,0,NA,1,NA,0,NA,0,0,NA,NA,NA,NA
X. milleri,1,NA,0,1,0,0,0,0,1,0,0,NA,2,0,NA,NA,1,1,0,1,4,0,NA,0,0,0,1,0,0,1,0,NA,NA,NA,NA,NA,NA,NA,NA,NA,NA,NA,NA,NA,NA,NA,NA,NA,NA,NA,NA,NA,NA,NA,NA,NA,NA,NA,NA,NA,0,1,1,0,1,1,NA,0,0,0,2,0,NA,1,0,0,1,NA,0,1,0,0,2,NA,NA,NA
X. montezumae,0,0,0,0,0,0,0,1,1,0,0,1,2,0,1,0,1,0,1,1,4,1,NA,0,0,0,1,0,2,1,1,1,1,1,1,0,1,1,1,1,1,0,1,1,0,1,1,1,1,1,1,1,1,0,1,1,1,1,0,1,NA,0,0,0,1,1,0,0,0,0,2,2,1,1,0,0,1,1,1,1,1,1,NA,1,0,0
X. multilineatus,NA,1,NA,0,0,0,1,NA,NA,NA,0,1,1,NA,0,0,1,0,NA,NA,4,1,NA,1,0,NA,1,0,0,NA,NA,1,NA,1,1,0,1,1,1,0,1,0,1,0,0,1,1,1,1,1,1,1,1,0,0,0,0,1,0,1,0,0,NA,0,NA,NA,1,1,0,NA,2,2,1,1,0,0,1,1,1,1,1,1,NA,1,1,1
X. nezahualcqyotl,NA,0,0,0,0,0,1,1,1,0,0,1,2,NA,1,0,1,1,1,1,4,1,NA,0,0,NA,1,0,2,1,1,1,1,0,1,1,1,1,1,1,1,0,1,1,0,1,1,1,0,NA,0,1,1,1,1,1,0,1,0,1,0,0,0,0,1,1,0,0,0,0,2,2,1,1,0,0,1,1,1,1,NA,1,NA,1,0,0
X. nigrensis,0,1,0,0,0,0,1,1,1,0,0,1,1,1,0,0,1,0,1,1,4,1,NA,1,0,0,1,0,0,1,0,1,1,1,1,0,1,1,NA,0,1,0,1,0,0,1,1,1,0,1,0,NA,1,NA,1,0,0,1,0,1,0,0,0,0,1,1,0,1,0,0,2,2,1,1,0,0,1,1,1,0,1,1,NA,1,1,1
X. pygmaeus,0,NA,0,0,0,0,0,1,1,0,0,NA,1,1,0,NA,1,0,0,1,4,0,NA,0,0,0,1,0,0,1,0,0,1,1,1,0,1,1,1,0,1,0,1,0,0,1,0,1,0,1,0,1,1,0,0,0,0,1,0,1,0,0,0,0,1,1,1,1,0,0,2,1,NA,1,0,0,1,NA,0,0,1,1,NA,NA,1,0
X. signum,0,0,1,0,0,0,0,1,1,1,0,0,2,0,NA,1,1,0,0,1,3,2,1,NA,0,0,1,0,0,1,0,1,NA,NA,NA,NA,NA,NA,NA,NA,NA,NA,NA,NA,NA,NA,NA,NA,NA,NA,NA,NA,NA,NA,NA,NA,NA,NA,NA,NA,NA,0,0,2,1,1,NA,0,0,0,2,2,0,1,0,0,1,0,1,0,1,2,NA,NA,NA,NA
X. variatus,3,NA,0,1,0,0,0,0,1,0,0,NA,2,0,1,NA,1,1,0,1,4,0,NA,NA,0,0,1,0,2,1,0,NA,0,1,1,1,0,P,0,0,1,0,P,0,P,0,1,1,1,0,1,0,1,P,P,1,0,0,0,P,0,1,1,0,1,1,NA,0,2,0,2,0,NA,1,0,1,1,NA,0,1,1,0,1,NA,NA,NA
X. xiphidium,4,NA,0,1,0,0,0,0,1,0,0,0,2,0,NA,NA,1,1,0,1,4,0,0,NA,0,0,1,0,2,1,0,0,0,0,1,1,0,0,0,0,1,0,0,0,0,0,0,1,1,0,1,1,1,1,1,0,NA,0,0,0,0,1,0,0,1,1,NA,0,0,1,2,1,0,1,0,1,1,0,0,1,1,0,1,0,NA,NA
